Type,Air temperature (K),Process temperature (K),Rotational speed (rpm),Torque (Nm),Tool wear (min),Strain (minNm),Power (W),Temperature Difference (K)
0,300.4,309.7,1679,30.1,136,4093.6,5292.316512261854,9.300000000000011
0,299.0,308.7,2248,16.8,204,3427.2000000000003,3954.888159751119,9.699999999999989
1,298.6,309.6,1525,42.4,2,84.8,6771.179366037201,11.0
0,300.2,310.1,1392,47.9,201,9627.9,6982.3781681625305,9.900000000000034
1,300.2,311.6,1751,28.0,162,4536.0,5134.200154006679,11.400000000000034
0,297.9,307.8,1538,38.5,123,4735.5,6200.770859900414,9.900000000000034
0,297.9,309.9,1542,33.8,33,1115.4,5457.951748934619,12.0
2,304.1,313.3,1397,49.6,34,1686.4,7256.157495947368,9.199999999999989
1,301.0,309.7,1288,58.4,162,9460.8,7876.936204296712,8.699999999999989
0,301.6,310.0,1869,22.9,18,412.2,4482.0159910969505,8.399999999999977
1,300.8,310.7,1483,40.8,28,1142.4,6336.215391172182,9.899999999999975
1,304.0,313.2,1437,53.9,7,377.3,8110.995328964664,9.199999999999989
0,300.8,311.7,1490,46.4,217,10068.8,7239.904989952798,10.899999999999975
2,302.3,310.6,1525,48.7,114,5551.8,7777.274413349332,8.300000000000011
1,298.1,308.9,1459,50.3,115,5784.5,7685.141972795055,10.799999999999956
0,300.5,309.7,1589,30.5,198,6039.0,5075.190571996751,9.199999999999989
0,297.4,308.2,1419,50.0,52,2600.0,7429.866625739861,10.800000000000011
0,298.9,310.0,1452,48.9,185,9046.5,7435.395828810179,11.100000000000025
1,298.7,309.7,1629,27.9,136,3794.4,4759.418622408929,11.0
0,300.2,310.0,1486,40.1,182,7298.2,6240.103599923358,9.800000000000011
1,300.1,310.4,1556,38.1,92,3505.2000000000003,6208.164074611863,10.299999999999956
0,298.3,309.0,1471,48.3,91,4395.3,7440.265297423243,10.699999999999989
1,300.6,309.5,1557,33.8,84,2839.2,5511.044664780286,8.899999999999977
0,299.8,309.7,1429,42.6,127,5410.2,6374.856980811337,9.899999999999975
1,296.2,307.0,1516,37.6,25,940.0,5969.1935934287985,10.800000000000011
0,299.7,311.1,1439,44.9,174,7812.599999999999,6766.05857001185,11.400000000000034
0,302.4,310.4,1865,23.9,129,3083.1,4667.726004826155,8.0
1,300.8,310.5,1409,50.6,141,7134.6,7466.036829158193,9.699999999999989
0,301.8,310.6,1372,54.7,95,5196.5,7859.050070122275,8.800000000000011
0,297.8,307.6,1607,30.3,62,1878.6,5099.024788261985,9.800000000000011
1,300.1,311.7,1400,48.5,205,9942.5,7110.471372624898,11.599999999999966
2,303.3,311.4,1692,27.9,55,1534.5,4943.484535982755,8.099999999999966
0,302.5,310.3,1523,36.0,72,2592.0,5741.574733700706,7.800000000000011
0,298.9,310.1,1580,37.3,100,3729.999999999999,6171.554048222028,11.200000000000044
1,298.3,308.9,1363,46.1,5,230.5,6579.992509115238,10.599999999999966
1,303.9,313.1,1437,48.3,110,5313.0,7268.294515565737,9.200000000000044
0,301.9,310.7,1947,25.0,137,3425.0,5097.23408044944,8.800000000000011
1,300.7,311.7,1412,49.1,219,10752.9,7260.136846641916,11.0
0,297.7,309.7,1498,41.0,176,7216.0,6431.677919939264,12.0
0,302.2,310.8,1673,32.9,52,1710.8,5763.953345369777,8.600000000000023
0,300.4,311.2,1705,28.7,20,574.0,5124.304137147872,10.800000000000011
1,298.2,308.7,1269,60.9,163,9926.7,8092.962587133058,10.5
1,297.2,308.4,1378,41.9,97,4064.3,6046.330165049939,11.199999999999989
1,297.2,307.9,1456,44.9,85,3816.5,6845.991159094686,10.699999999999989
0,301.9,310.9,1486,40.3,6,241.8,6271.22631114492,9.0
1,301.2,310.9,1359,50.8,118,5994.4,7229.558678146976,9.699999999999989
0,301.6,310.9,1632,31.6,189,5972.400000000001,5400.523435226999,9.299999999999956
1,298.8,310.2,1581,37.5,75,2812.5,6208.572481656828,11.399999999999975
2,302.9,311.0,1452,58.3,123,7170.9,8864.69482248739,8.100000000000023
1,300.7,310.6,2006,19.1,102,1948.2,4012.2955295077168,9.900000000000034
2,297.5,308.9,1471,37.7,197,7426.900000000001,5807.412043744436,11.399999999999975
1,296.5,307.4,1350,55.6,69,3836.4,7860.264819281662,10.899999999999975
1,300.4,311.8,1442,45.1,0,0.0,6810.365498402977,11.400000000000034
0,297.5,309.1,1515,35.1,213,7476.3,5568.630058120588,11.600000000000025
1,302.6,311.0,1542,39.7,141,5597.700000000001,6410.671137062261,8.399999999999977
1,301.8,311.0,1393,49.5,168,8316.0,7220.79363464346,9.199999999999989
2,302.2,311.3,1758,26.4,4,105.6,4860.169498809553,9.100000000000025
2,297.7,308.5,1720,29.9,210,6279.0,5385.527566293863,10.800000000000011
0,300.7,311.7,1524,43.5,222,9657.0,6942.291445902725,11.0
0,303.6,312.9,1588,31.9,53,1690.6999999999998,5304.809579047628,9.299999999999956
0,303.5,313.0,1465,41.0,56,2296.0,6289.992091262364,9.5
0,297.3,308.6,1273,59.8,182,10883.6,7971.833246386147,11.300000000000011
1,299.1,308.4,1330,53.6,62,3323.2000000000003,7465.2619029703055,9.299999999999956
1,298.7,309.5,1487,33.6,183,6148.8,5232.1340689945855,10.800000000000011
0,303.4,312.8,1449,43.9,94,4126.599999999999,6661.3388148921895,9.400000000000034
2,299.1,308.2,1450,46.1,112,5163.2,6999.992030973658,9.099999999999966
0,302.5,311.8,1335,52.7,135,7114.5,7367.506011566104,9.300000000000011
0,298.8,308.2,1443,53.4,21,1121.4,8069.306394451527,9.399999999999975
0,297.3,308.3,2358,14.9,49,730.1,3679.2448203251506,11.0
1,302.3,311.3,1339,50.8,123,6248.4,7123.163406945401,9.0
2,300.2,310.3,1408,42.5,0,0.0,6266.430146360441,10.100000000000025
0,300.9,310.8,1493,45.8,57,2610.6,7160.674023229263,9.900000000000034
0,298.8,310.1,1653,30.3,119,3605.7,5244.983182947767,11.300000000000011
0,300.5,311.3,1490,41.8,39,1630.1999999999998,6522.155788362649,10.800000000000011
0,301.3,311.3,1509,42.5,213,9052.5,6715.93969521158,10.0
0,295.7,306.2,1397,52.0,101,5252.0,7607.261890912564,10.5
0,301.5,310.5,1702,28.7,135,3874.5,5115.287766232069,9.0
0,298.1,307.7,1664,27.6,145,4002.0,4809.401361527543,9.599999999999966
2,298.4,308.4,1479,39.2,58,2273.6000000000004,6071.316298621491,10.0
0,300.2,311.5,1685,31.0,193,5983.0,5470.036408675428,11.300000000000011
1,300.4,309.2,1528,37.2,228,8481.6,5952.438432609653,8.800000000000011
0,301.2,310.7,1568,38.3,49,1876.7,6288.882061858095,9.5
0,303.1,312.6,1514,42.1,138,5809.8,6674.774359474042,9.5
2,297.3,308.6,1376,53.5,112,5992.0,7709.049492888874,11.300000000000011
1,297.6,309.6,1330,53.1,7,371.7,7395.623265815732,12.0
0,298.6,309.2,1542,48.4,42,2032.8,7815.528539894543,10.599999999999966
1,300.7,310.9,1486,38.9,106,4123.4,6053.367332593981,10.199999999999989
0,296.2,306.8,1655,31.1,136,4229.6,5389.978155886448,10.600000000000025
0,300.0,310.4,1333,49.1,131,6432.1,6853.939388508268,10.399999999999975
1,300.0,311.4,1791,24.1,213,5133.3,4520.029262205387,11.399999999999975
0,302.0,309.9,1388,51.4,183,9406.2,7471.042433452911,7.899999999999977
2,303.2,311.4,1607,36.6,43,1573.8,6159.218061068934,8.199999999999989
1,299.7,311.1,1618,30.3,125,3787.5,5133.927882643368,11.400000000000034
0,301.0,311.9,1889,23.5,198,4653.0,4648.667009394377,10.899999999999975
0,297.7,308.9,1742,26.3,24,631.2,4797.693692905164,11.199999999999989
1,297.6,308.7,1408,51.5,4,206.0,7593.4388832367695,11.099999999999966
2,302.4,310.1,1597,28.9,179,5173.099999999999,4833.1622739641925,7.700000000000045
0,300.4,310.4,1286,56.8,46,2612.7999999999997,7649.2335687645245,10.0
0,298.9,308.6,1522,46.4,2,92.8,7395.392882354469,9.700000000000044
0,299.6,310.9,1448,46.3,196,9074.8,7020.663710634278,11.299999999999956
1,297.6,308.7,1392,41.2,178,7333.6,6005.719844014536,11.099999999999966
2,297.3,308.6,1688,29.4,166,4880.4,5196.948231274379,11.300000000000011
0,301.6,310.8,1535,35.4,148,5239.2,5690.366773447193,9.199999999999989
0,300.9,310.4,1615,30.9,200,6180.0,5225.882299613941,9.5
0,301.6,310.6,1621,33.7,137,4616.900000000001,5720.599366750238,9.0
0,300.4,310.8,1390,52.5,144,7560.0,7641.9241298571715,10.400000000000034
0,297.5,308.7,1443,46.2,110,5082.0,6981.3100266603105,11.199999999999989
1,299.2,308.4,1476,32.7,101,3302.7000000000003,5054.3199248014025,9.199999999999989
0,297.9,307.7,1546,37.6,72,2707.2000000000003,6087.3174772037755,9.800000000000011
0,299.9,309.4,1858,22.5,22,495.0,4377.809362777377,9.5
0,298.3,309.1,1417,60.5,143,8651.5,8977.467526775752,10.800000000000011
0,298.6,309.3,1702,27.6,143,3946.8,4919.231440697042,10.699999999999989
0,296.9,307.8,1605,37.0,84,3108.0,6218.782657780996,10.900000000000034
0,300.7,310.8,2113,18.5,95,1757.5,4093.54758750506,10.100000000000025
0,296.2,307.1,1441,41.7,3,125.1,6292.57866921382,10.900000000000034
0,297.5,309.0,1470,43.5,191,8308.5,6696.304741126644,11.5
1,298.0,307.6,1472,46.7,116,5417.200000000001,7198.6872943377,9.600000000000025
0,296.6,307.6,1809,25.1,86,2158.6,4754.89472898776,11.0
0,299.6,311.0,1430,38.3,124,4749.2,5735.3962681486455,11.399999999999975
0,303.6,312.5,1710,31.4,180,5652.0,5622.8225313950115,8.899999999999977
2,300.1,309.1,1560,35.4,14,495.6,5783.0437567280915,9.0
1,298.1,309.3,1752,25.2,77,1940.4,4623.419076435027,11.199999999999989
0,298.9,309.1,1369,44.4,198,8791.199999999999,6365.243707291351,10.200000000000044
0,300.0,309.4,1395,44.5,181,8054.5,6500.74059844068,9.399999999999975
0,302.4,310.2,1539,37.7,29,1093.3000000000002,6075.871607969196,7.800000000000011
1,297.4,308.4,1517,41.0,18,738.0,6513.254609177479,11.0
2,300.5,309.4,1642,36.2,103,3728.6,6224.584132214625,8.899999999999977
0,300.9,310.4,1427,47.0,65,3055.0,7023.4492561204615,9.5
0,297.4,308.5,2100,16.9,176,2974.3999999999996,3716.5041091967255,11.100000000000025
2,298.0,308.6,1526,41.8,160,6688.0,6679.738075866713,10.600000000000025
0,300.2,311.5,1500,40.8,17,693.5999999999999,6408.849013323177,11.300000000000011
1,302.0,310.4,1828,26.3,82,2156.6,5034.548835034811,8.399999999999977
1,298.6,309.5,1580,33.9,70,2373.0,5608.999523719217,10.899999999999975
1,300.8,309.6,1546,42.3,186,7867.799999999999,6848.232161854246,8.800000000000011
0,302.0,310.6,1358,53.1,194,10301.4,7551.320597727642,8.600000000000023
0,301.8,311.0,1322,53.0,166,8798.0,7337.294362214082,9.199999999999989
1,297.6,308.4,1507,46.0,51,2346.0,7259.3828644050545,10.799999999999956
0,297.1,308.0,1467,42.8,169,7233.2,6575.10209655115,10.899999999999975
2,296.4,307.5,1596,35.1,75,2632.5,5866.358793901293,11.100000000000025
1,300.8,310.7,1572,36.2,167,6045.400000000001,5959.224272741407,9.899999999999975
1,300.5,309.7,1347,54.3,136,7384.799999999999,7659.422800937666,9.199999999999989
0,298.2,308.7,1428,54.9,45,2470.5,8209.73558606699,10.5
0,297.4,308.3,1483,38.8,23,892.4,6025.61659748727,10.900000000000034
0,298.7,309.7,1510,40.6,162,6577.2,6419.949307365862,11.0
0,300.1,309.4,1560,47.7,26,1240.2,7792.406417964123,9.299999999999956
2,297.4,308.4,1487,46.2,150,6930.0,7194.184344867555,11.0
0,297.5,308.9,1390,44.6,140,6244.0,6491.9964988881875,11.399999999999975
2,296.1,306.8,1645,31.0,41,1271.0,5340.18391232705,10.699999999999989
1,299.5,309.1,1420,49.5,5,247.5,7360.7515873608845,9.600000000000025
0,302.3,310.1,1513,40.4,22,888.8,6401.015975640227,7.800000000000011
0,300.7,310.2,1286,64.9,160,10384.0,8740.057369943972,9.5
1,301.7,310.3,1787,26.7,33,881.1,4996.4832040488145,8.600000000000023
1,300.0,310.4,1385,52.1,128,6668.8,7556.42044980197,10.399999999999975
2,300.0,311.2,1393,43.1,45,1939.5,6287.19607380067,11.199999999999989
1,302.8,312.2,1452,50.3,60,3018.0,7648.2701470174225,9.399999999999975
1,297.6,307.2,1470,42.6,44,1874.4,6557.760505103334,9.599999999999966
0,303.7,312.2,1568,33.8,96,3244.7999999999997,5549.979469733776,8.5
1,302.1,310.8,1409,41.3,39,1610.6999999999998,6093.820573996705,8.699999999999989
0,297.4,309.2,1584,42.8,186,7960.799999999999,7099.496742288358,11.800000000000011
1,302.2,311.1,1434,58.6,102,5977.2,8799.852350117299,8.900000000000034
0,302.4,310.2,1400,53.7,175,9397.5,7872.831189896022,7.800000000000011
0,300.2,309.7,1678,30.5,142,4331.0,5359.452347269067,9.5
1,300.5,311.8,1636,34.4,2,68.8,5893.46026652626,11.300000000000011
1,299.8,309.3,1640,31.1,211,6562.1,5341.126390123127,9.5
1,300.7,311.7,1499,38.9,3,116.7,6106.324112757993,11.0
0,298.2,307.8,1585,34.6,78,2698.8,5742.936090517262,9.600000000000025
0,298.1,307.5,1391,57.4,161,9241.4,8361.181295921042,9.399999999999975
0,297.5,308.9,1596,30.7,5,153.5,5130.974785548994,11.399999999999975
0,298.4,309.2,2118,17.7,210,3717.0,3925.7970117788777,10.800000000000011
1,300.5,311.7,1269,64.0,87,5568.0,8504.919631798288,11.199999999999989
0,297.9,309.9,1472,45.0,183,8235.0,6936.636579126263,12.0
0,299.8,309.1,1668,30.3,200,6060.0,5292.578311649652,9.300000000000011
0,302.3,310.1,1653,29.7,34,1009.8,5141.122129820088,7.800000000000011
0,300.5,309.7,1580,42.8,196,8388.8,7081.5687202118725,9.199999999999989
0,303.0,311.2,1800,23.7,61,1445.7,4467.344753404685,8.199999999999989
0,302.8,312.1,1520,39.9,48,1915.2,6351.043708497125,9.300000000000011
0,297.4,308.6,1488,36.4,71,2584.4,5671.957040497156,11.200000000000044
1,302.5,311.9,1532,38.8,96,3724.8,6224.709795920769,9.399999999999975
0,298.4,308.7,1386,44.9,135,6061.5,6516.856968753595,10.300000000000011
0,303.5,311.6,2183,17.0,110,1870.0,3886.2548322456937,8.100000000000023
0,301.4,310.8,1362,53.2,4,212.8,7587.825904362357,9.400000000000034
2,302.5,311.8,2370,14.7,198,2910.6,3648.3315486138263,9.300000000000011
1,300.1,309.6,1584,36.7,165,6055.500000000001,6087.652580420157,9.5
0,298.0,308.0,1524,37.0,49,1813.0,5904.937551687375,10.0
0,300.5,309.3,1373,48.8,211,10296.8,7016.474920429491,8.800000000000011
0,299.1,308.3,1524,34.1,128,4364.8,5442.118121960527,9.199999999999989
1,297.9,307.7,1364,46.8,89,4165.2,6684.806512014505,9.800000000000011
0,296.5,307.6,1415,44.2,106,4685.200000000001,6549.487644448882,11.100000000000025
1,301.7,310.1,1644,34.6,5,173.0,5956.710998618535,8.400000000000034
0,301.9,310.8,1525,43.2,62,2678.4,6898.937467283186,8.900000000000034
0,300.4,310.0,1423,44.2,189,8353.800000000001,6586.516549859193,9.600000000000025
1,301.4,310.9,1557,39.3,174,6838.2,6407.812287747493,9.5
0,302.8,312.4,1376,57.1,8,456.8,8227.78927184962,9.599999999999966
1,297.7,308.9,1573,35.1,9,315.90000000000003,5781.818535593192,11.199999999999989
1,300.3,309.9,1447,46.5,28,1302.0,7046.121083103867,9.599999999999966
1,300.4,309.3,1467,40.3,166,6689.799999999999,6191.042394649797,8.900000000000034
0,295.6,306.1,1474,41.2,156,6427.200000000001,6359.505064710795,10.5
1,297.5,308.4,1350,52.2,157,8195.4,7379.601143282424,10.899999999999975
1,301.7,311.0,1505,44.0,187,8228.0,6934.54218402387,9.300000000000011
1,297.7,308.8,2089,19.1,111,2120.1000000000004,4178.307757298913,11.100000000000025
1,299.3,308.5,1304,60.6,8,484.8,8275.206376967802,9.199999999999989
1,300.7,311.0,1559,42.8,121,5178.799999999999,6987.446604310321,10.300000000000011
0,303.6,312.6,1606,33.6,184,6182.400000000001,5650.845537865033,9.0
1,297.6,308.7,1419,41.7,81,3377.7000000000003,6196.508765867044,11.099999999999966
0,303.5,311.8,1451,45.2,173,7819.6,6868.06608347391,8.300000000000011
0,298.3,308.6,1447,38.1,146,5562.6,5773.273403575427,10.300000000000011
1,297.4,308.7,1481,48.0,117,5616.0,7444.317951946374,11.300000000000011
0,297.5,308.9,1390,47.4,187,8863.8,6899.565785813904,11.399999999999975
1,297.6,308.6,1389,49.0,34,1666.0,7127.331253199164,11.0
2,298.7,309.6,1654,34.3,136,4664.799999999999,5940.982091399562,10.900000000000034
0,302.2,311.5,1588,30.6,39,1193.4,5088.626116578604,9.300000000000011
1,301.7,311.1,1506,39.5,158,6241.0,6229.4640728032,9.400000000000034
1,302.2,310.8,1356,48.3,36,1738.8,6858.599417611093,8.600000000000023
1,297.4,308.5,1497,36.4,56,2038.4,5706.263232274357,11.100000000000025
0,300.6,310.1,1485,49.9,19,948.1,7759.890933999469,9.5
0,301.3,310.3,1626,31.3,180,5634.0,5329.586273108941,9.0
0,300.7,310.2,1639,31.4,48,1507.1999999999998,5389.360309331242,9.5
0,298.8,310.1,1653,30.3,119,3605.7,5244.983182947767,11.300000000000011
2,297.3,308.6,1688,29.4,166,4880.4,5196.948231274379,11.300000000000011
1,299.2,310.6,1443,50.9,85,4326.5,7691.529877857354,11.400000000000034
2,298.8,310.3,1708,27.1,78,2113.8,4847.142361272668,11.5
0,302.6,312.4,1398,41.6,40,1664.0,6090.165854543029,9.799999999999956
0,296.7,307.8,1646,34.6,238,8234.800000000001,5963.957605672816,11.100000000000025
0,299.8,311.3,1560,35.4,178,6301.2,5783.0437567280915,11.5
0,296.7,307.9,1420,50.1,138,6913.8,7449.972818722835,11.199999999999989
0,301.5,310.8,1350,58.5,13,760.5,8270.24266057513,9.300000000000011
0,296.5,307.3,1566,37.2,164,6100.8,6100.4702784468045,10.800000000000011
1,302.6,310.5,1965,20.2,40,808.0,4156.641239964655,7.899999999999977
0,299.2,310.6,1498,41.1,88,3616.8,6447.364939256189,11.400000000000034
0,299.6,309.2,1559,39.1,110,4301.0,6383.391640853589,9.599999999999966
1,297.4,308.7,1582,31.9,161,5135.9,5284.766217917726,11.300000000000011
1,298.5,309.3,1692,26.7,118,3150.6,4730.861545187798,10.800000000000011
0,300.6,309.8,1502,42.4,133,5639.2,6669.056660844508,9.199999999999989
0,299.1,308.6,1260,57.8,152,8785.6,7626.530325854581,9.5
0,302.1,311.0,1740,30.8,182,5605.6,5612.141116372806,8.899999999999977
1,302.2,311.4,1642,32.1,42,1348.2,5519.589796798052,9.199999999999989
0,298.1,307.7,1388,40.3,109,4392.7,5857.6461102753365,9.599999999999966
1,295.5,306.0,1641,36.6,21,768.6,6289.531324339839,10.5
0,302.3,311.8,1435,44.8,98,4390.4,6732.223617132686,9.5
1,297.6,309.2,1442,48.1,0,0.0,7263.383159050626,11.599999999999966
2,298.2,307.9,1462,45.5,171,7780.5,6966.062830314888,9.699999999999989
0,302.8,310.8,1516,39.5,23,908.5,6270.828376075467,8.0
0,302.7,310.7,1398,57.7,19,1096.3,8447.177158825309,8.0
2,300.3,311.8,2141,18.5,204,3774.0,4147.792420657044,11.5
1,302.6,310.5,1965,20.2,40,808.0,4156.641239964655,7.899999999999977
0,297.5,308.4,1511,42.8,209,8945.199999999999,6772.310339392493,10.899999999999975
0,300.6,310.9,1471,37.9,86,3259.4,5838.22059570064,10.299999999999956
0,303.2,311.5,1507,39.2,225,8820.0,6186.256701840829,8.300000000000011
0,298.3,309.0,1657,32.2,179,5763.8,5587.364422311495,10.699999999999989
2,299.0,310.1,2053,19.7,137,2698.9,4235.296248035032,11.100000000000025
0,298.3,310.0,1460,47.6,101,4807.6,7277.604101795876,11.699999999999989
2,300.6,309.4,1555,37.9,24,909.6,6171.606408099588,8.799999999999955
1,300.8,309.6,1546,42.3,186,7867.799999999999,6848.232161854246,8.800000000000011
0,299.6,309.2,1450,43.1,160,6896.0,6544.4610962031375,9.599999999999966
0,301.3,311.0,1576,30.4,151,4590.4,5017.165355684947,9.699999999999989
1,297.8,308.4,1579,36.6,152,5563.2,6051.9012560223055,10.599999999999966
1,297.6,308.9,1479,38.1,182,6934.2,5900.947729017315,11.299999999999956
0,301.6,310.9,1532,43.6,15,654.0,6994.776987168699,9.299999999999956
1,300.2,309.8,1394,47.4,21,995.4,6919.42065138459,9.600000000000025
0,300.0,311.4,1483,45.6,187,8527.2,7081.652496015969,11.399999999999975
0,300.3,310.4,1742,25.9,7,181.3,4724.724967537785,10.099999999999966
0,302.6,311.6,1638,29.6,160,4736.0,5077.316383025681,9.0
1,298.9,309.6,1284,55.3,166,9179.8,7435.647156222465,10.700000000000044
1,300.8,310.3,1458,43.4,0,0.0,6626.372888657735,9.5
1,304.3,313.6,1489,40.3,196,7898.799999999999,6283.886929538888,9.300000000000011
2,298.8,310.2,1663,30.4,209,6353.599999999999,5294.128164025423,11.399999999999975
0,302.1,310.6,1439,40.0,7,280.0,6027.669104687617,8.5
0,297.8,307.7,1393,38.0,29,1102.0,5543.23551750407,9.899999999999975
2,297.3,308.6,1376,53.5,112,5992.0,7709.049492888874,11.300000000000011
0,303.5,312.9,1332,52.9,66,3491.4,7378.847161045563,9.399999999999975
2,299.7,309.2,1691,27.7,203,5623.099999999999,4905.146633633447,9.5
1,300.7,310.9,1369,51.2,63,3225.6000000000004,7340.100851651289,10.199999999999989
2,303.8,312.5,1655,28.0,170,4760.0,4852.713452245034,8.699999999999989
2,302.9,312.3,1417,48.7,26,1266.2,7226.490389321971,9.400000000000034
0,299.0,310.4,1565,36.1,127,4584.7,5916.299645117859,11.399999999999975
0,298.5,308.1,1662,28.6,48,1372.8000000000002,4977.665064053813,9.600000000000025
0,298.0,307.8,1622,33.3,121,4029.3,5656.186245376136,9.800000000000011
1,302.6,310.5,1965,20.2,40,808.0,4156.641239964655,7.899999999999977
1,301.9,310.6,1260,65.9,29,1911.1,8695.300146605829,8.700000000000045
2,297.3,308.7,1438,46.2,16,739.2,6957.11976322767,11.399999999999975
0,297.9,308.5,1472,45.1,70,3157.0,6952.051327079877,10.600000000000025
2,297.9,309.2,1577,34.7,5,173.5,5730.463967682511,11.300000000000011
0,299.3,308.5,1485,44.7,78,3486.6000000000004,6951.244984965456,9.199999999999989
1,298.4,309.5,1484,41.7,119,4962.3,6480.351662118882,11.100000000000025
0,297.1,308.2,1427,45.2,136,6147.200000000001,6754.466093120103,11.099999999999966
1,297.5,308.4,1685,28.1,15,421.5,4958.323325283211,10.899999999999975
0,298.2,307.9,1544,31.4,192,6028.799999999999,5076.981279809296,9.699999999999989
0,297.0,307.7,1867,22.8,118,2690.4,4457.668648031629,10.699999999999989
2,302.8,312.5,1422,46.1,4,184.4,6864.8197710652,9.699999999999989
0,302.1,311.3,1415,44.1,43,1896.3,6534.669799099449,9.199999999999989
0,300.6,309.7,1617,33.2,185,6142.000000000001,5621.817221745863,9.099999999999966
0,302.4,311.9,1671,29.9,204,6099.599999999999,5232.102653068049,9.5
0,300.5,309.5,1795,27.7,117,3240.9,5206.823304182163,9.0
1,298.5,308.3,1440,43.6,5,218.0,6574.725105432719,9.800000000000011
1,303.0,312.8,1648,32.1,104,3338.4,5539.758821634097,9.800000000000011
0,301.1,312.3,1587,34.5,115,3967.5,5733.563672434052,11.199999999999989
0,300.9,310.3,1446,44.5,135,6007.5,6738.402082684747,9.400000000000034
0,301.5,310.5,1372,44.0,203,8932.0,6321.7221770636215,9.0
0,301.1,310.1,1540,36.6,28,1024.8,5902.4242775645025,9.0
2,300.3,311.6,1427,56.2,8,449.6,8398.252089233403,11.300000000000011
0,297.4,309.4,1466,45.5,53,2411.5,6985.121825746666,12.0
0,297.1,307.8,1636,30.3,90,2727.0,5191.042037085631,10.699999999999989
0,301.9,311.0,1353,43.8,130,5694.0,6205.839296048205,9.100000000000025
0,300.4,310.0,1769,26.1,38,991.8,4835.005341654299,9.600000000000025
1,298.9,310.0,1520,35.6,48,1708.8000000000002,5666.59538903503,11.100000000000025
0,301.3,310.1,1662,31.0,37,1147.0,5395.37122327511,8.800000000000011
0,302.0,310.7,1453,42.7,92,3928.4,6497.138238864563,8.699999999999989
1,300.6,310.4,1407,51.1,157,8022.7,7529.109537666762,9.799999999999956
0,302.4,311.8,1320,56.4,100,5640.0,7796.17632914843,9.400000000000034
0,297.6,308.4,1626,32.4,130,4212.0,5516.888027115963,10.799999999999956
0,299.5,309.3,1409,44.7,46,2056.2000000000003,6595.4910328729475,9.800000000000011
1,300.4,311.3,1350,56.5,31,1751.5,7987.49932175205,10.900000000000034
0,299.9,310.4,1470,50.0,148,7400.0,7696.902001294993,10.5
1,300.6,312.1,1293,52.3,49,2562.7,7081.55824823636,11.5
0,299.9,309.3,1471,41.8,109,4556.2,6438.987358846615,9.400000000000034
2,300.4,309.7,1500,35.2,112,3942.400000000001,5529.203070318036,9.300000000000011
2,304.2,313.5,1627,32.2,91,2930.2000000000003,5486.205138865904,9.300000000000011
0,297.1,308.3,1763,25.7,139,3572.2999999999997,4744.757856692177,11.199999999999989
0,301.7,310.6,1406,46.0,112,5152.0,6772.854882119116,8.900000000000034
0,303.4,311.6,1497,42.8,58,2482.3999999999996,6709.562262124792,8.200000000000045
0,299.3,309.1,1493,38.0,151,5738.0,5941.170586958778,9.800000000000011
0,299.6,309.5,1453,41.4,168,6955.2,6299.333093419037,9.899999999999975
0,301.7,310.7,1605,33.3,220,7325.999999999999,5596.904392002895,9.0
0,300.3,309.9,1621,34.1,36,1227.6,5788.499655969826,9.599999999999966
0,300.3,309.2,1412,44.8,200,8960.0,6624.32038145739,8.899999999999977
0,300.7,311.1,1324,52.2,85,4437.0,7237.475491634022,10.400000000000034
0,297.0,307.7,1315,60.1,128,7692.8,8276.159326739391,10.699999999999989
1,301.8,311.1,1647,31.6,6,189.6,5450.160599153717,9.300000000000011
1,300.7,309.5,1393,43.9,81,3555.9,6403.895768906018,8.800000000000011
0,298.9,308.9,1450,47.5,9,427.5,7212.573133866566,10.0
0,297.8,308.9,1518,40.4,2,80.8,6422.169366174398,11.099999999999966
0,300.8,309.7,1997,20.7,5,103.5,4328.894765160983,8.899999999999977
0,298.9,310.0,1452,48.9,185,9046.5,7435.395828810179,11.100000000000025
1,300.4,309.4,1362,42.1,182,7662.2,6004.651702512316,9.0
0,298.2,308.6,1433,39.5,7,276.5,5927.504658915662,10.400000000000034
1,304.2,313.5,1532,41.3,161,6649.299999999999,6625.786458029065,9.300000000000011
1,298.3,309.1,1488,40.6,176,7145.6,6326.413622092982,10.800000000000011
1,297.8,307.8,1543,43.7,8,349.6,7061.158839939051,10.0
0,299.4,309.0,1613,32.2,178,5731.6,5438.997473257961,9.600000000000025
1,300.0,309.9,1651,28.1,114,3203.4,4858.274071241888,9.899999999999975
1,300.7,310.8,1465,45.2,92,4158.400000000001,6934.33274451363,10.100000000000025
2,298.0,309.4,1562,38.1,58,2209.8,6232.103010632217,11.399999999999975
1,300.7,311.0,1706,25.0,153,3825.0,4466.29755585349,10.300000000000011
0,299.3,308.7,1579,36.3,211,7659.299999999999,6002.295508022123,9.399999999999975
1,298.9,310.0,1520,35.6,48,1708.8000000000002,5666.59538903503,11.100000000000025
0,301.5,310.8,1785,25.5,120,3060.0,4766.581453659114,9.300000000000011
1,304.2,313.4,1411,54.8,44,2411.2,8097.224681166428,9.199999999999989
0,298.3,309.1,1417,60.5,143,8651.5,8977.467526775752,10.800000000000011
0,298.7,309.8,1539,33.4,2,66.8,5382.867684513823,11.100000000000025
0,298.4,308.0,1380,47.6,130,6188.0,6878.831274300212,9.600000000000025
0,302.5,312.0,2052,18.9,40,756.0,4061.325318854741,9.5
1,297.7,308.9,1681,28.3,116,3282.8,4981.759606478991,11.199999999999989
1,301.3,309.9,1501,39.5,27,1066.5,6208.7819211670685,8.599999999999966
0,300.9,310.6,1504,46.4,129,5985.599999999999,7307.930942878528,9.700000000000044
0,298.2,308.0,1499,44.1,166,7320.6,6922.593659964718,9.800000000000011
1,300.6,309.5,1530,40.2,93,3738.6,6440.893258389795,8.899999999999977
1,298.1,308.2,1342,48.1,54,2597.4,6759.681136925063,10.099999999999966
0,303.6,312.6,1606,33.6,184,6182.400000000001,5650.845537865033,9.0
0,301.5,310.4,1329,46.6,24,1118.4,6485.441042217698,8.899999999999977
0,301.8,310.7,1461,44.2,49,2165.8,6762.403850558174,8.899999999999977
2,299.4,309.3,1534,37.5,39,1462.5,6024.003913258429,9.900000000000034
1,297.6,309.0,1815,25.3,66,1669.8,4808.678795217217,11.399999999999975
0,297.5,308.9,1738,24.0,195,4680.0,4368.070425551248,11.399999999999975
0,300.4,309.4,1412,51.6,153,7894.8,7629.797582214315,9.0
0,301.7,311.3,1708,30.5,77,2348.5,5455.270923203556,9.600000000000025
0,298.0,308.1,1454,37.1,35,1298.5,5648.939638321855,10.100000000000025
0,300.0,311.3,1484,53.2,158,8405.6,8267.499002990995,11.300000000000011
1,302.3,310.9,1742,29.7,137,4068.9,5417.927858527885,8.599999999999966
1,302.5,311.4,1636,35.0,157,5495.0,5996.253178151718,8.899999999999977
0,302.0,310.8,1902,23.4,188,4399.2,4660.741197159673,8.800000000000011
0,297.2,307.9,1337,58.1,184,10690.4,8134.599161768635,10.699999999999989
1,301.5,310.5,1412,44.1,184,8114.400000000001,6520.815375497118,9.0
0,296.8,307.4,1549,48.3,105,5071.5,7834.7865028610495,10.599999999999966
0,297.1,307.8,1681,27.6,181,4995.6,4858.535870629687,10.699999999999989
1,300.8,310.7,1886,21.1,44,928.4,4167.280767084813,9.899999999999975
2,298.0,308.7,1536,39.6,99,3920.4,6369.641937006379,10.699999999999989
0,302.1,310.8,1772,27.1,233,6314.3,5028.768304552205,8.699999999999989
1,300.2,310.0,1664,30.7,179,5495.3,5349.587746336795,9.800000000000011
0,300.3,309.9,1527,41.4,2,82.8,6620.152535203627,9.599999999999966
0,298.8,308.4,1369,53.0,138,7314.0,7598.151272217155,9.599999999999966
2,300.1,311.4,1518,46.9,87,4080.3,7455.439189940082,11.299999999999956
2,300.5,312.0,1375,43.2,108,4665.6,6220.353454107792,11.5
0,300.6,309.4,1442,43.2,96,4147.200000000001,6523.454313326134,8.799999999999955
1,297.5,309.4,1391,58.2,34,1978.8,8477.7134394182,11.899999999999975
0,296.7,307.9,1420,50.1,138,6913.8,7449.972818722835,11.199999999999989
1,297.6,308.6,1444,48.2,46,2217.2000000000003,7288.578732132416,11.0
0,298.1,309.0,1497,40.5,58,2349.0,6349.0016732722925,10.899999999999975
1,302.1,311.0,1574,34.1,215,7331.5,5620.665304439547,8.899999999999977
1,304.1,313.4,1518,42.4,105,4452.0,6740.098542717685,9.299999999999956
1,304.3,313.4,1482,43.8,41,1795.8,6797.5268564253065,9.099999999999966
1,303.3,311.4,1395,59.1,4,236.4,8633.567850962789,8.099999999999966
0,300.4,311.8,1367,57.2,10,572.0,8188.288980218485,11.400000000000034
0,297.5,309.4,1357,50.1,137,6863.7,7119.445855638653,11.899999999999975
1,296.8,307.5,1470,45.9,132,6058.8,7065.756037188804,10.699999999999989
1,302.9,311.2,1467,37.7,73,2752.1000000000004,5791.620304672392,8.300000000000011
0,297.5,308.6,1621,28.9,0,0.0,4905.795896115189,11.100000000000025
0,303.3,311.4,1511,43.4,65,2821.0,6867.249269383976,8.099999999999966
0,300.7,310.7,1450,43.4,80,3472.0,6590.01418968019,10.0
0,298.6,309.4,1698,33.2,147,4880.400000000001,5903.429587213653,10.799999999999956
0,300.9,310.6,1598,35.4,186,6584.4,5923.9127713150565,9.700000000000044
0,302.6,310.3,1479,40.4,105,4242.0,6257.1729200078635,7.699999999999989
0,301.6,309.9,1397,43.7,102,4457.400000000001,6393.025858324598,8.299999999999955
0,302.8,312.1,1520,39.9,48,1915.2,6351.043708497125,9.300000000000011
0,302.2,311.4,1449,46.5,60,2790.0,7055.860020329997,9.199999999999989
0,301.6,310.6,1621,33.7,137,4616.900000000001,5720.599366750238,9.0
0,302.7,310.6,1564,34.3,0,0.0,5617.712207345172,7.900000000000034
0,296.9,308.0,1658,41.0,74,3034.0,7118.639513524232,11.100000000000025
1,304.3,313.4,1482,43.8,41,1795.8,6797.5268564253065,9.099999999999966
2,298.9,310.1,1366,62.7,161,10094.7,8969.058530439645,11.200000000000044
0,300.4,311.7,1373,47.2,3,141.60000000000002,6786.426562382624,11.300000000000011
0,302.3,311.6,1309,57.6,77,4435.2,7895.701984414157,9.300000000000011
1,303.0,312.8,1648,32.1,104,3338.4,5539.758821634097,9.800000000000011
0,297.5,308.2,1419,48.5,108,5238.0,7206.970626967665,10.699999999999989
1,302.8,312.2,1452,50.3,60,3018.0,7648.2701470174225,9.399999999999975
1,302.2,311.0,1476,47.4,161,7631.4,7326.445395583683,8.800000000000011
2,303.3,311.4,1692,27.9,55,1534.5,4943.484535982755,8.099999999999966
0,300.0,310.2,1760,26.9,193,5191.7,4957.852086385173,10.199999999999989
0,299.8,309.0,1614,30.8,100,3080.0,5205.744690704431,9.199999999999989
1,303.4,311.7,1515,44.2,168,7425.6,7012.348962077777,8.300000000000011
0,303.9,313.0,1480,39.9,176,7022.4,6183.910979326149,9.100000000000025
0,297.7,309.1,1562,36.8,172,6329.599999999999,6019.459075886235,11.400000000000034
1,298.3,308.0,1463,42.5,190,8075.0,6511.212573952645,9.699999999999989
2,303.9,313.0,1517,36.0,142,5112.0,5718.9552665948595,9.100000000000025
0,303.7,312.5,1641,36.0,125,4500.0,6186.42425344902,8.800000000000011
0,301.3,310.6,1451,47.5,42,1995.0,7217.547322234751,9.300000000000011
0,301.9,311.3,1366,55.6,57,3169.2000000000003,7953.423513436112,9.400000000000034
0,302.2,311.9,1596,38.0,156,5928.0,6351.043708497125,9.699999999999989
0,297.9,308.0,1490,46.2,6,277.20000000000005,7208.69850292714,10.100000000000025
1,303.4,311.5,1483,43.0,117,5031.0,6677.874064225584,8.100000000000023
1,301.1,311.2,1591,35.0,208,7280.0,5831.319563838255,10.099999999999966
1,299.7,309.1,1508,41.2,152,6262.400000000001,6506.196497682414,9.400000000000034
0,299.5,309.3,1520,42.3,149,6302.7,6733.061375173644,9.800000000000011
1,299.1,308.9,1476,42.7,225,9607.5,6599.983510367581,9.799999999999956
2,301.8,311.2,1451,39.4,70,2758.0,5986.765568337878,9.399999999999975
0,295.8,306.6,1644,35.2,115,4048.000000000001,6060.006565068568,10.800000000000011
1,301.0,310.6,1698,27.3,14,382.2,4854.326136473876,9.600000000000025
1,299.5,311.0,1451,43.3,136,5888.799999999999,6579.364190584519,11.5
1,300.6,309.5,1530,40.2,93,3738.6,6440.893258389795,8.899999999999977
1,300.7,309.4,1589,35.0,52,1820.0,5823.989180979877,8.699999999999989
0,300.4,310.6,1384,48.7,24,1168.8000000000002,7058.195270869165,10.200000000000044
1,296.3,307.2,1454,42.5,35,1487.5,6471.1572676193755,10.899999999999975
0,300.2,311.5,1528,36.1,125,4512.5,5776.425468204529,11.300000000000011
0,297.7,308.7,1474,46.8,188,8798.4,7223.903811370514,11.0
1,300.8,310.5,1409,50.6,141,7134.6,7466.036829158193,9.699999999999989
1,298.5,308.0,1461,51.9,157,8148.3,7940.469679727809,9.5
0,298.3,308.3,1597,32.4,69,2235.6,5418.493345205531,10.0
0,302.1,311.2,1492,45.0,162,7290.0,7030.884358733957,9.099999999999966
0,299.9,310.0,1447,45.9,162,7435.8,6955.203391708978,10.100000000000025
0,298.8,308.5,1450,50.8,57,2895.6,7713.657162114138,9.699999999999989
1,298.1,307.6,2066,19.2,150,2880.0,4153.9394702825675,9.5
0,298.3,307.9,1435,39.9,143,5705.7,5995.8866590088,9.599999999999966
1,297.6,308.6,1585,42.0,90,3780.0,6971.194098315751,11.0
0,300.5,309.7,1589,30.5,198,6039.0,5075.190571996751,9.199999999999989
0,300.7,311.0,1462,41.9,126,5279.4,6414.901815169094,10.300000000000011
0,300.2,309.7,1678,30.5,142,4331.0,5359.452347269067,9.5
1,302.2,311.4,1642,32.1,42,1348.2,5519.589796798052,9.199999999999989
0,300.1,311.4,1604,35.0,191,6685.0,5878.9670524177,11.299999999999956
0,301.5,310.5,1372,44.0,203,8932.0,6321.7221770636215,9.0
0,297.3,308.7,1556,36.7,114,4183.8,5980.042560059196,11.399999999999975
0,297.8,307.8,1573,37.9,33,1250.7,6243.04622504222,10.0
1,297.2,308.8,1485,47.9,143,6849.7,7448.873261294079,11.600000000000025
0,300.6,311.6,1455,48.0,203,9744.0,7313.627697557038,11.0
0,301.3,310.8,1450,46.9,59,2767.1,7121.466946912463,9.5
0,297.5,308.9,1738,24.0,195,4680.0,4368.070425551248,11.399999999999975
0,300.8,312.3,1435,44.8,134,6003.2,6732.223617132686,11.5
0,299.2,308.5,1366,49.7,74,3677.8,7109.4451190247255,9.300000000000011
1,296.7,307.6,1547,34.7,150,5205.0,5621.450702602944,10.900000000000034
1,300.2,309.5,1500,45.7,89,4067.3,7178.539213452677,9.300000000000011
1,301.2,310.7,1615,34.9,95,3315.5,5902.371917686944,9.5
0,297.4,308.3,1431,43.0,113,4859.0,6443.720691778025,10.900000000000034
0,300.4,311.5,1492,44.6,149,6645.400000000001,6968.387608878544,11.100000000000025
0,302.3,310.9,1587,36.6,20,732.0,6082.563200321342,8.599999999999966
1,300.1,311.7,1400,48.5,205,9942.5,7110.471372624898,11.599999999999966
2,301.5,310.9,1524,40.4,124,5009.599999999999,6447.553434815404,9.399999999999975
0,297.1,308.2,2267,15.7,181,2841.7,3727.1750522434186,11.099999999999966
0,297.7,309.7,1591,37.7,196,7389.200000000001,6281.164215905777,12.0
0,303.6,312.7,1429,47.7,198,9444.6,7138.044084147905,9.099999999999966
0,297.3,308.6,1446,50.1,144,7214.400000000001,7586.380771741705,11.300000000000011
0,300.8,311.6,1568,36.0,23,828.0,5911.2207369945545,10.800000000000011
0,298.9,310.2,1533,42.8,138,5906.4,6870.914460813164,11.300000000000011
1,298.4,309.1,1467,39.6,78,3088.8,6083.50567811742,10.700000000000044
1,299.0,309.0,1351,52.2,44,2296.8,7385.067514499669,10.0
0,302.4,312.0,1508,36.9,5,184.5,5827.151717584492,9.600000000000025
0,297.7,308.8,1515,40.1,82,3288.2000000000003,6361.88220315201,11.100000000000025
0,298.4,308.0,1526,41.1,162,6658.2,6567.876433447893,9.600000000000025
1,303.8,312.7,1374,53.6,136,7289.6,7712.232973444512,8.899999999999977
0,301.3,310.5,1406,47.1,83,3909.3,6934.814455387182,9.199999999999989
1,300.4,309.2,1528,37.2,228,8481.6,5952.438432609653,8.800000000000011
0,299.8,311.1,1300,64.2,165,10593.0,8739.910762286805,11.300000000000011
1,298.9,308.6,1425,49.6,35,1736.0,7401.592291857552,9.700000000000044
0,299.3,309.1,1634,36.8,62,2281.6,6296.924539051285,9.800000000000011
1,296.4,307.2,2071,19.4,183,3550.2,4207.367489344618,10.800000000000011
2,298.7,308.5,1572,35.6,202,7191.200000000001,5860.452599712544,9.800000000000011
2,297.0,308.1,1517,41.4,222,9190.8,6576.798556584088,11.100000000000025
1,303.6,312.3,1915,22.3,116,2586.8,4472.004782507511,8.699999999999989
0,302.4,311.2,1450,47.9,154,7376.599999999999,7273.310591835969,8.800000000000011
0,298.7,309.6,1502,46.7,198,9246.6,7345.399671260344,10.900000000000034
0,300.2,310.2,1378,43.9,193,8472.699999999999,6334.937810159722,10.0
0,302.9,312.5,1550,45.5,72,3276.0,7385.360729814006,9.600000000000025
2,301.3,310.6,1527,44.0,114,5016.0,7035.9109069797005,9.300000000000011
0,301.3,311.1,1454,40.3,191,7697.299999999999,6136.1797149426075,9.800000000000011
0,301.5,310.6,1522,41.0,114,4674.0,6534.722158977009,9.100000000000025
1,302.0,310.5,1639,32.9,94,3092.6,5646.813827292925,8.5
0,302.2,311.4,1510,44.9,33,1481.7,7099.894677357813,9.199999999999989
2,300.0,310.5,1558,36.7,137,5027.900000000001,5987.728990084978,10.5
1,301.1,311.1,1384,42.5,185,7862.5,6159.615996138387,10.0
1,303.9,313.2,1608,40.6,79,3207.4,6836.608269035964,9.300000000000011
1,301.9,310.5,1590,40.3,130,5239.0,6710.127748802438,8.600000000000023
0,298.6,309.8,1497,41.6,118,4908.8,6521.4436940278365,11.199999999999989
0,300.7,310.1,1261,56.6,98,5546.8,7474.121194253429,9.400000000000034
0,301.7,310.8,1559,44.5,135,6007.5,7264.9853713039565,9.100000000000025
1,302.2,311.4,1626,31.6,62,1959.2,5380.668569656311,9.199999999999989
0,298.0,309.1,1822,23.5,122,2867.0,4483.785754958472,11.100000000000025
0,302.5,310.2,1454,43.0,108,4644.0,6547.288529591368,7.699999999999989
0,303.8,312.9,1514,34.3,180,6173.999999999999,5438.117827314955,9.099999999999966
1,301.7,310.0,1391,50.6,195,9867.0,7370.658076195205,8.300000000000011
0,300.1,310.5,1532,36.0,109,3924.0,5775.503934359475,10.399999999999975
0,300.4,310.5,1578,32.8,26,852.8,5420.126973385398,10.100000000000025
0,296.6,307.6,1542,37.4,88,3291.2,6039.272053554874,11.0
1,300.7,311.5,1441,40.6,33,1339.8,6126.587385373647,10.800000000000011
0,301.3,310.0,1665,31.4,0,0.0,5474.853517410932,8.699999999999989
0,300.9,311.0,1316,56.5,120,6780.0,7786.332672167182,10.100000000000025
1,298.2,307.8,1578,34.5,127,4381.5,5701.048188469398,9.600000000000025
2,298.8,309.2,1372,48.5,120,5820.0,6968.2619451724,10.399999999999975
0,299.5,309.3,1462,46.7,7,326.90000000000003,7149.783168696819,9.800000000000011
0,299.5,309.3,1333,54.1,147,7952.7,7551.896556380801,9.800000000000011
0,300.7,311.8,1564,36.8,11,404.7999999999999,6027.166449863042,11.100000000000025
0,297.4,309.0,1568,33.7,175,5897.500000000001,5533.559412131014,11.600000000000025
1,298.6,309.4,1407,45.1,176,7937.6,6645.065364946595,10.799999999999956
0,297.9,309.8,2000,21.3,29,617.7,4461.061568097506,11.900000000000034
0,299.0,309.4,1693,30.1,84,2528.4,5336.445417069278,10.399999999999975
2,299.1,310.4,1369,54.5,104,5668.0,7813.193289355375,11.299999999999956
1,295.6,306.1,1669,29.0,161,4669.0,5068.540867546652,10.5
0,301.3,310.6,1510,38.5,47,1809.5,6087.88296388142,9.300000000000011
0,300.8,311.7,1681,31.3,221,6917.3,5509.861331547435,10.899999999999975
0,296.6,307.6,1459,40.2,96,3859.2,6142.002133327261,11.0
0,303.6,311.9,1473,50.1,84,4208.400000000001,7728.035184492068,8.299999999999955
1,297.8,309.7,1700,31.3,200,6260.0,5572.138169917097,11.899999999999975
1,299.8,309.7,1320,61.7,134,8267.800000000001,8528.79573596557,9.899999999999975
1,301.2,310.7,1426,46.1,67,3088.7000000000003,6884.130093909266,9.5
1,299.1,310.6,1449,43.2,80,3456.0,6555.121567274318,11.5
1,299.1,310.4,1422,49.3,69,3401.7,7341.336544761699,11.299999999999956
0,297.0,307.9,1635,31.6,147,4645.2,5410.450868012342,10.899999999999975
0,299.3,308.6,1474,49.6,191,9473.6,7656.103184700375,9.300000000000011
1,297.1,307.8,1538,34.3,181,6208.299999999999,5524.323129729459,10.699999999999989
1,298.8,309.7,1499,40.3,154,6206.2,6326.08899085211,10.899999999999975
0,300.1,311.7,1503,42.6,208,8860.800000000001,6704.975536850552,11.599999999999966
1,298.1,308.8,1394,47.9,70,3353.0,6992.410320702993,10.699999999999989
0,301.0,311.2,1412,42.1,64,2694.4,6225.086787039199,10.199999999999989
0,301.3,310.8,1628,32.2,43,1384.6,5489.577114980757,9.5
1,296.6,307.5,1734,27.0,50,1350.0,4902.769495192231,10.899999999999975
0,299.3,308.5,1413,38.5,57,2194.5,5696.807038387052,9.199999999999989
0,297.5,308.5,1712,26.8,136,3644.8,4804.709916498181,11.0
0,297.7,309.1,1479,42.1,58,2441.8,6520.4698003052235,11.400000000000034
0,300.6,310.1,1656,32.7,44,1438.8000000000002,5670.700403435721,9.5
0,297.6,308.7,1622,37.9,79,2994.1,6437.521282274941,11.099999999999966
0,297.0,307.8,1316,61.2,200,12240.0,8434.045301533302,10.800000000000011
0,298.1,308.6,1354,53.9,207,11157.3,7642.510560485841,10.5
0,299.6,310.9,1229,65.2,209,13626.8,8391.277753542434,11.299999999999956
0,299.2,309.0,1515,48.9,228,11149.2,7758.005978407315,9.800000000000011
0,302.3,311.8,1369,56.2,208,11689.6,8056.907575445361,9.5
0,302.7,312.4,1477,46.3,251,11621.3,7161.270925833445,9.699999999999989
0,298.2,308.4,1310,61.0,189,11529.0,8368.155631612013,10.199999999999989
0,299.1,310.2,1317,54.8,231,12658.8,7557.792278594036,11.099999999999966
0,300.5,309.3,1417,51.5,231,11896.5,7641.976489734731,8.800000000000011
0,297.0,308.1,1362,52.5,213,11182.5,7487.986089831272,11.100000000000025
0,297.4,308.4,1369,50.6,220,11132.0,7254.084044796001,11.0
0,301.0,311.1,1236,64.4,177,11398.8,8335.524955916726,10.100000000000025
0,303.8,313.1,1256,58.7,213,12503.1,7720.694329658179,9.300000000000011
0,300.6,311.9,1372,60.1,212,12741.2,8634.897791852809,11.299999999999956
0,300.5,311.2,1270,67.5,208,14040.0,8977.101007632833,10.699999999999989
0,303.7,312.7,1359,56.8,194,11019.2,8083.443561392681,9.0
0,300.8,309.9,1312,65.3,192,12537.6,8971.718412219683,9.099999999999966
1,302.1,311.0,1351,60.3,207,12482.1,8531.026266749619,8.899999999999977
0,298.0,308.2,1365,52.9,218,11532.2,7561.656437557952,10.199999999999989
0,298.9,309.8,1287,61.9,216,13370.4,8342.530707534232,10.900000000000034
0,296.9,307.8,1400,57.1,202,11534.2,8371.297224265601,10.900000000000034
0,303.8,313.0,1365,59.9,205,12279.5,8562.2536977263,9.199999999999989
0,298.5,309.4,1360,60.9,187,11388.3,8673.308998030701,10.899999999999975
0,296.8,308.1,1289,62.0,199,12338.0,8368.99338965297,11.300000000000011
0,297.8,307.3,1327,61.0,186,11346.0,8476.7500176711,9.5
0,300.3,310.3,1362,60.3,206,12421.8,8600.486880320488,10.0
0,303.4,311.8,1401,53.0,208,11024.0,7775.755976900096,8.400000000000034
0,300.7,311.9,1335,57.1,194,11077.4,7982.629853138985,11.199999999999989
0,301.6,310.8,1355,57.8,195,11271.0,8201.546501216633,9.199999999999989
0,300.5,309.8,1379,54.2,207,11219.4,7826.942993202587,9.300000000000011
0,301.9,310.5,1340,55.7,204,11362.8,7816.073082621166,8.600000000000023
0,299.2,310.3,1352,48.9,238,11638.2,6923.316226275043,11.100000000000025
0,299.2,308.5,1378,50.4,220,11088.0,7272.912656766514,9.300000000000011
1,297.2,308.1,1340,61.3,207,12689.1,8601.890125039094,10.900000000000034
0,302.0,311.2,1270,65.3,182,11884.6,8684.514011828503,9.199999999999989
0,298.4,308.2,1282,60.7,216,13111.2,8149.019072048613,9.800000000000011
0,304.0,312.9,1363,62.5,200,12500.0,8920.814139256017,8.899999999999977
0,301.2,311.6,1461,52.9,208,11003.2,8093.465241957632,10.400000000000034
0,300.4,311.8,1272,59.2,198,11721.6,7885.648887922669,11.400000000000034
0,299.1,310.0,1367,56.3,203,11428.9,8059.452265494766,10.899999999999975
0,298.3,308.1,1412,52.3,218,11401.4,7733.302588174586,9.800000000000011
0,299.0,310.4,1371,53.8,228,12266.4,7724.108193675082,11.399999999999975
0,300.7,311.9,1399,50.2,222,11144.4,7354.447458102683,11.199999999999989
0,300.5,311.8,1368,57.9,191,11058.9,8294.558587713915,11.300000000000011
0,302.7,312.2,1450,52.1,213,11097.3,7911.0539005146975,9.5
0,299.1,310.1,1435,48.8,229,11175.2,7333.315011519534,11.0
2,302.8,312.4,1411,53.8,246,13234.8,7949.465106692589,9.599999999999966
0,299.1,309.8,1398,55.4,217,12021.8,8110.461258213553,10.699999999999989
0,300.8,310.7,1339,59.1,203,11997.3,8286.987349418765,9.899999999999975
0,299.0,309.9,1373,55.7,201,11195.7,8008.558464506613,10.899999999999975
0,299.4,310.8,1376,53.9,215,11588.5,7766.687246106734,11.400000000000034
0,301.4,310.8,1285,62.6,183,11455.8,8423.76182158055,9.400000000000034
0,299.1,308.8,1329,53.6,207,11095.2,7459.648924095893,9.699999999999989
0,299.8,309.3,1299,65.1,212,13801.2,8855.615619718516,9.5
0,299.2,309.1,1345,60.7,191,11593.7,8549.477887601703,9.900000000000034
0,298.3,309.3,1337,56.1,206,11556.6,7854.578536578664,11.0
0,301.0,311.0,1399,58.0,190,11020.0,8497.170369919433,10.0
0,297.6,309.6,1501,49.8,222,11055.6,7827.780751243544,12.0
0,302.0,310.5,1370,44.4,85,3774.0,6369.893264418665,8.5
0,303.3,311.6,1301,45.1,219,9876.9,6144.442103621549,8.300000000000011
1,303.4,311.7,1353,44.1,192,8467.2,6248.345044651275,8.300000000000011
0,303.4,311.7,1295,51.3,51,2616.2999999999997,6956.899851741918,8.300000000000011
1,302.4,310.3,1378,54.3,165,8959.5,7835.69756473059,7.900000000000034
0,303.6,311.8,1222,66.8,148,9886.4,8548.231722515779,8.199999999999989
0,302.3,310.9,1377,46.8,166,7768.799999999999,6748.518011029306,8.599999999999966
1,303.2,311.5,1336,58.2,2,116.4,8142.505503280169,8.300000000000011
0,301.6,310.1,1362,55.8,70,3906.0,7958.659501192094,8.5
0,302.5,310.2,1329,50.6,148,7488.8,7042.13126043381,7.699999999999989
0,303.1,311.3,1336,52.6,172,9047.2,7359.0341833769235,8.199999999999989
0,302.5,310.2,1307,54.0,86,4644.0,7390.910876835347,7.699999999999989
0,302.2,310.6,1346,47.5,109,5177.5,6695.257543575447,8.400000000000034
0,302.0,310.4,1357,58.0,108,6264.0,8242.073046447942,8.399999999999977
0,302.7,310.5,1351,41.8,10,418.0,5913.713067166403,7.800000000000011
0,302.6,311.0,1369,60.0,93,5580.0,8601.680685528854,8.399999999999977
1,303.4,311.8,1316,50.9,69,3512.1,7014.589964837337,8.400000000000034
0,302.0,310.1,1361,45.4,174,7899.599999999999,6470.570836990706,8.100000000000023
1,302.4,310.1,1379,48.9,107,5232.3,7061.577718959528,7.700000000000045
0,301.7,310.2,1311,57.4,40,2296.0,7880.3081804115645,8.5
0,302.4,310.3,1374,51.2,163,8345.6,7366.909108961921,7.900000000000034
0,302.2,310.6,1334,53.2,159,8458.800000000001,7431.83535713611,8.400000000000034
0,303.6,312.0,1309,52.9,86,4549.4,7251.434634991471,8.399999999999977
0,301.9,310.4,1370,51.7,153,7910.1,7417.195535370382,8.5
0,302.3,310.8,1377,47.3,22,1040.6,6820.617562429192,8.5
0,303.4,311.9,1377,41.6,34,1414.4,5998.682676470495,8.5
0,302.1,310.7,1325,45.1,208,9380.8,6257.790766563068,8.599999999999966
0,303.4,311.9,1298,63.9,59,3770.1,8685.686873085844,8.5
0,302.6,310.4,1359,57.2,67,3832.4,8140.369220275728,7.799999999999955
0,303.2,311.2,1363,46.7,29,1354.3000000000002,6665.632324852096,8.0
0,303.3,311.3,1350,48.1,32,1539.2,6799.9772986951075,8.0
0,302.5,310.4,1349,55.1,187,10303.7,7783.808926068799,7.899999999999977
1,301.9,310.4,1373,48.0,73,3504.0,6901.450741406058,8.5
1,303.4,311.4,1307,54.0,44,2376.0,7390.910876835347,8.0
0,303.4,311.8,1366,50.9,200,10180.0,7281.101741616872,8.400000000000034
0,302.4,310.2,1351,45.1,168,7576.8,6380.585151416381,7.800000000000011
1,302.7,310.6,1349,51.2,6,307.20000000000005,7232.867822408757,7.900000000000034
0,302.3,310.9,1379,49.3,34,1676.1999999999998,7119.341135883533,8.599999999999966
1,302.1,310.6,1326,59.1,88,5200.8,8206.53116156033,8.5
2,303.6,312.2,1371,54.6,112,6115.2,7838.964821090324,8.599999999999966
0,301.7,309.9,1317,49.0,187,9163.0,6757.879957137004,8.199999999999989
0,303.2,311.4,1349,51.1,9,459.9,7218.741127443116,8.199999999999989
0,302.7,310.7,1369,47.5,11,522.5,6809.663876043675,8.0
0,303.2,311.4,1351,53.8,8,430.4,7611.429737166327,8.199999999999989
0,302.1,310.7,1359,49.3,41,2021.3,7016.0874573355495,8.599999999999966
0,301.8,310.3,1341,50.5,64,3232.0,7091.674176580919,8.5
0,303.0,311.0,1359,44.2,115,5083.0,6290.285306576699,8.0
1,300.8,309.4,1342,62.4,113,7051.2,8769.316069524406,8.599999999999966
2,303.7,311.9,1332,52.7,66,3478.2000000000003,7350.949818281686,8.199999999999989
1,303.0,311.1,1372,54.3,117,6353.099999999999,7801.579868512605,8.100000000000023
0,302.6,310.2,1325,62.4,92,5740.8,8658.22935329347,7.599999999999966
1,302.9,311.2,1330,53.7,200,10740.0,7479.189630401221,8.300000000000011
0,302.1,310.7,1314,52.8,8,422.4,7265.372834397899,8.599999999999966
0,303.5,312.0,1366,54.5,30,1635.0,7796.071609393312,8.5
0,303.0,311.2,1341,51.0,174,8874.0,7161.888772388652,8.199999999999989
1,302.7,311.1,1297,60.7,125,7587.5,8244.366409085063,8.400000000000034
1,303.4,311.8,1341,47.0,210,9870.0,6600.172005926796,8.400000000000034
0,303.5,311.9,1344,49.3,93,4584.9,6938.64719842456,8.399999999999977
1,302.1,310.7,1376,46.3,210,9723.0,6671.56993496738,8.599999999999966
0,302.4,310.2,1331,45.5,53,2411.5,6341.880729924156,7.800000000000011
1,302.1,310.0,1355,45.1,6,270.6,6399.4765952399675,7.899999999999977
0,302.3,310.1,1321,52.7,134,7061.8,7290.243776238818,7.800000000000011
0,301.6,310.1,1326,48.2,77,3711.4,6692.974652913839,8.5
0,303.0,311.2,1374,48.2,65,3133.0,6935.254278358684,8.199999999999989
0,302.2,310.6,1348,48.4,161,7792.4,6832.251927222986,8.400000000000034
1,302.3,310.9,1360,44.0,67,2948.0,6266.430146360441,8.599999999999966
2,302.7,310.4,1305,55.2,20,1104.0,7543.592279799811,7.699999999999989
1,302.6,311.0,1329,48.6,111,5394.6,6763.786151325753,8.399999999999977
1,302.1,310.7,1364,47.8,213,10181.4,6827.644257997721,8.599999999999966
0,302.3,310.1,1353,50.9,36,1832.4,7211.808679654193,7.800000000000011
1,302.4,310.3,1375,52.5,161,8452.5,7559.45732270044,7.900000000000034
1,302.1,310.1,1379,48.2,166,8001.200000000001,6960.491739342522,8.0
0,302.0,310.4,1336,58.2,110,6402.0,8142.505503280169,8.399999999999977
1,302.2,310.1,1368,51.6,12,619.2,7392.04185019064,7.900000000000034
1,302.4,310.5,1372,45.7,144,6580.8,6565.970533904716,8.100000000000023
0,302.4,310.9,1349,46.1,148,6822.8,6512.40637916101,8.5
0,303.7,312.1,1363,51.8,90,4662.0,7393.570758615386,8.400000000000034
0,302.6,310.9,1331,52.0,154,8008.0,7247.863691341892,8.299999999999955
0,302.4,310.2,1346,62.4,106,6614.4,8795.454120402272,7.800000000000011
1,303.0,311.3,1335,53.6,164,8790.4,7493.326797342374,8.300000000000011
0,301.7,310.2,1331,61.2,47,2876.4,8530.178036733148,8.5
0,298.9,309.0,1410,65.7,191,12548.7,9700.923955019922,10.100000000000025
0,300.7,310.4,1416,61.8,209,12916.2,9163.900106815285,9.699999999999989
0,297.2,307.9,1326,75.4,172,12968.8,10469.923004765633,10.699999999999989
1,297.3,308.3,1459,59.6,207,12337.2,9106.052914087184,11.0
1,302.8,312.3,1262,70.5,234,16497.0,9317.02133275125,9.5
0,298.0,308.7,1268,69.4,189,13116.6,9215.254674725966,10.699999999999989
1,298.8,310.1,1243,74.5,194,14453.0,9697.415843223414,11.300000000000011
0,300.8,310.1,1405,61.2,189,11566.8,9004.432863719065,9.300000000000011
0,302.4,311.0,1338,67.6,194,13114.4,9471.776186867082,8.600000000000023
0,302.3,311.4,1333,66.7,205,13673.5,9310.748619419584,9.099999999999966
0,302.6,312.1,1288,68.5,0,0.0,9239.214554697342,9.5
0,299.4,308.7,1446,62.9,134,8428.6,9524.61777530046,9.300000000000011
1,303.0,312.2,1257,71.3,122,8698.6,9385.413804819898,9.199999999999989
0,301.1,310.4,1312,73.6,49,3606.4,10112.074657570727,9.299999999999956
0,298.9,310.2,2737,8.8,142,1249.6,2522.2381339100775,11.300000000000011
1,301.5,310.4,2639,12.0,21,252.0,3316.2652051293853,8.899999999999977
0,297.4,308.7,2874,4.2,118,495.6,1264.0512200983894,11.300000000000011
0,298.4,309.5,2153,15.3,98,1499.4,3449.5629814212007,11.100000000000025
1,298.2,308.5,2678,10.7,86,920.2,3000.702695051803,10.300000000000011
0,300.7,311.1,2478,13.4,170,2278.0,3477.240412699327,10.400000000000034
0,298.9,309.1,2861,4.6,143,657.8,1378.1748092277944,10.200000000000044
1,296.7,307.8,1258,69.0,105,7245.0,9089.884183896707,11.100000000000025
0,297.9,309.8,1336,71.6,31,2219.6,10017.240447334363,11.900000000000034
1,298.1,308.2,1420,63.9,19,1214.1,9502.061140047688,10.099999999999966
0,301.8,310.6,2672,11.8,124,1463.2,3301.7719910208248,8.800000000000011
2,304.0,313.2,1271,68.6,161,11044.6,9130.578280736208,9.199999999999989
1,298.4,308.7,1421,60.7,119,7223.3,9032.571061919716,10.300000000000011
1,301.8,310.1,2372,13.9,205,2849.5,3452.694102099279,8.300000000000011
2,300.5,309.8,1324,72.8,159,11575.2,10093.64398066967,9.300000000000011
2,296.6,307.7,1386,62.3,100,6230.0,9042.320471121358,11.099999999999966
0,303.8,313.1,2497,13.0,5,65.0,3399.307970939276,9.300000000000011
1,296.3,307.2,1319,68.3,24,1639.1999999999998,9433.961883293374,10.899999999999975
1,303.4,312.6,2706,9.8,65,637.0,2777.042242067234,9.200000000000044
1,301.1,310.7,2636,12.2,100,1220.0,3367.703548844162,9.599999999999966
0,302.1,311.2,1454,59.2,153,9057.6,9013.941417483931,9.099999999999966
0,300.8,311.4,1322,67.2,18,1209.6,9303.135493222384,10.599999999999966
0,295.7,306.2,2270,14.6,149,2175.4,3470.6221241757644,10.5
0,303.4,312.2,1337,69.4,52,3608.8,9716.715694091969,8.800000000000011
1,302.7,311.6,2709,9.7,2,19.4,2751.7524212058356,8.900000000000034
0,297.8,309.0,1403,64.2,0,0.0,9432.380614991069,11.199999999999989
0,299.0,310.2,1377,62.5,92,5750.0,9012.44392498572,11.199999999999989
0,300.1,311.3,2579,12.5,64,800.0,3375.903105670032,11.199999999999989
0,300.5,310.5,2633,12.2,17,207.4,3363.870805806783,10.0
0,300.8,312.4,1465,59.1,91,5378.1,9066.793477892825,11.599999999999966
0,298.3,308.0,2886,3.8,57,216.6,1148.4406104462846,9.699999999999989
1,299.0,310.3,1303,68.6,111,7614.599999999999,9360.459087174882,11.300000000000011
1,301.6,310.6,1309,65.8,75,4935.0,9019.742891917558,9.0
1,298.0,308.7,1479,58.5,176,10296.0,9060.510292585644,10.699999999999989
0,300.7,310.9,1356,65.3,66,4309.8,9272.59921262949,10.199999999999989
1,297.5,308.1,1334,72.0,151,10872.0,10058.123039733082,10.600000000000025
1,303.6,312.8,2659,11.4,26,296.40000000000003,3174.328049040199,9.199999999999989
0,302.4,311.9,1290,70.0,139,9730.0,9456.193887305277,9.5
0,297.4,308.5,1399,61.5,61,3751.5,9009.930650862849,11.100000000000025
2,300.4,309.9,2563,12.8,81,1036.8,3435.478174357607,9.5
0,302.6,311.5,1442,59.8,169,10106.2,9030.152035576451,8.899999999999977
0,303.5,312.4,1284,70.6,94,6636.4,9492.887689499206,8.899999999999977
0,299.3,308.9,1258,69.4,119,8258.6,9142.579164672925,9.599999999999966
0,296.9,307.5,2721,9.3,18,167.4,2649.9648192295267,10.600000000000025
1,302.0,309.7,1386,62.7,142,8903.4,9100.377103359697,7.699999999999989
0,301.9,310.6,1331,68.6,85,5830.999999999999,9561.604792808726,8.700000000000045
1,301.4,310.7,1368,63.7,92,5860.400000000001,9125.447012735343,9.300000000000011
0,301.8,310.2,2825,5.8,215,1247.0,1715.833187635625,8.399999999999977
1,295.8,306.3,1235,76.2,89,6781.8,9854.86199504582,10.5
0,301.1,310.9,1282,67.9,10,679.0,9115.62429970512,9.799999999999956
1,302.6,310.2,2676,10.8,84,907.2,3026.4846987622636,7.599999999999966
0,299.2,308.6,1267,68.2,76,5183.2,9048.77120803673,9.400000000000034
0,299.5,308.7,2549,13.0,179,2327.0,3470.0985254001657,9.199999999999989
1,298.9,308.2,1372,63.6,30,1908.0,9137.762055937415,9.300000000000011
1,303.7,312.0,2663,11.4,71,809.4,3179.1032698736553,8.300000000000011
0,298.4,308.3,1433,62.3,20,1246.0,9348.950386087234,9.900000000000034
1,298.7,310.1,1402,69.7,64,4460.8,10233.151638440082,11.400000000000034
1,301.5,310.7,1336,65.6,0,0.0,9177.806890295173,9.199999999999989
0,300.4,311.6,1200,76.6,3,229.8,9625.839890599127,11.200000000000044
0,298.5,308.2,1301,66.3,42,2784.6,9032.738613527908,9.699999999999989
0,297.0,307.9,1296,69.1,153,10572.3,9378.031062083965,10.899999999999975
0,301.5,310.9,2760,8.0,15,120.0,2312.212193042088,9.399999999999975
0,300.2,311.0,1255,71.8,149,10698.2,9436.192414077424,10.800000000000011
1,300.7,309.6,1996,19.8,203,4019.4,4138.6084981330505,8.900000000000034
2,297.9,307.4,1604,36.1,225,8122.5,6063.734588350827,9.5
1,300.7,311.7,2097,18.9,232,4384.799999999999,4150.389470584011,11.0
1,299.3,308.4,1542,37.5,203,7612.5,6055.419839794326,9.099999999999966
1,302.3,310.9,1710,30.4,218,6627.2,5443.751750140394,8.599999999999966
0,299.2,310.7,1737,27.0,225,6075.0,4911.251795356923,11.5
0,300.5,311.8,1524,38.9,214,8324.6,6208.164074611862,11.300000000000011
0,297.4,308.3,1475,40.5,222,8991.0,6255.696371460676,10.900000000000034
0,300.6,310.3,1648,30.5,217,6618.5,5263.633771334579,9.699999999999989
0,303.3,311.4,1497,46.0,234,10764.0,7211.211777050011,8.099999999999966
0,299.6,310.7,1922,23.3,205,4776.5,4689.622905621675,11.099999999999966
2,300.3,309.9,1394,46.7,210,9807.0,6817.235114338827,9.599999999999966
0,303.4,312.0,1521,35.9,215,7718.5,5718.107036578391,8.600000000000023
0,298.6,309.8,2271,16.2,218,3531.6,3852.6607348033062,11.199999999999989
1,298.4,308.0,1416,38.2,198,7563.6,5664.417218128541,9.600000000000025
0,298.8,308.9,1455,41.3,208,8590.4,6292.767164773034,10.099999999999966
1,299.7,309.3,1399,41.9,221,9259.9,6138.473077579728,9.600000000000025
2,300.5,309.9,1397,45.9,210,9639.0,6714.8715537093585,9.399999999999975
0,298.0,308.5,1429,37.7,220,8294.0,5641.598783487967,10.5
1,300.4,310.2,1671,30.5,234,7137.0,5337.09467955102,9.800000000000011
0,301.8,309.7,1442,45.3,233,10554.9,6840.566675779487,7.899999999999977
2,302.6,311.5,1629,34.4,228,7843.2,5868.243749493446,8.899999999999977
0,302.7,310.5,1446,40.9,211,8629.9,6193.2729254338465,7.800000000000011
2,296.9,307.8,1549,35.8,206,7374.799999999999,5807.150244356637,10.900000000000034
0,301.0,310.6,1493,37.8,206,7786.799999999999,5909.901268080047,9.600000000000025
0,304.4,313.7,1509,35.0,205,7175.0,5530.77386664483,9.300000000000011
1,299.6,309.2,1867,23.4,225,5265.0,4574.975717716672,9.599999999999966
0,301.9,310.9,1567,39.0,214,8346.0,6399.738394627768,9.0
1,300.0,311.4,1692,29.0,216,6264.0,5138.388944211465,11.399999999999975
2,300.6,309.4,1380,47.6,246,11709.6,6878.831274300212,8.799999999999955
0,297.3,308.1,1615,35.4,217,7681.799999999999,5986.933119946069,10.800000000000011
0,297.8,308.9,1871,25.6,200,5120.0,5015.824942819416,11.099999999999966
0,298.2,307.6,1511,31.0,209,6479.0,4905.178049559983,9.400000000000034
0,297.1,308.5,1323,44.4,207,9190.8,6151.3640794349585,11.399999999999975
1,300.4,311.8,1553,33.1,209,6917.900000000001,5383.0457080975275,11.400000000000034
1,297.4,308.8,1325,62.4,204,12729.6,8658.22935329347,11.400000000000034
1,302.6,312.3,1454,54.8,253,13864.4,8343.986312130395,9.699999999999989
2,298.4,307.7,1626,31.1,166,5162.6,5295.531408744028,9.300000000000011
0,299.6,309.5,1570,35.5,189,6709.5,5836.555551594238,9.899999999999975
0,300.3,311.7,1545,43.5,160,6960.0,7037.952942204533,11.399999999999975
2,301.6,310.5,1602,32.3,2,64.6,5418.681840764747,8.899999999999977
1,300.1,309.2,1687,27.7,95,2631.5,4893.5436847661895,9.099999999999966
2,300.4,311.9,1438,46.7,41,1914.7,7032.413267158704,11.5
0,302.7,312.3,1346,61.2,170,10404.0,8626.310771932996,9.600000000000025
0,299.3,309.0,1447,50.4,140,7056.0,7637.086077170644,9.699999999999989
0,302.5,311.9,1306,59.7,172,10268.4,8164.810811120657,9.399999999999975
0,298.6,309.8,1505,45.7,144,6580.8,7202.46767749752,11.199999999999989
0,300.7,311.0,1413,52.0,91,4732.0,7694.388727172121,10.300000000000011
0,300.9,310.7,1412,57.5,16,920.0,8502.196918165177,9.800000000000011
0,302.8,312.2,1509,36.5,52,1898.0,5767.807032358181,9.399999999999975
0,302.6,312.1,1668,28.7,180,5166.0,5013.102229186305,9.5
2,302.9,312.5,1357,55.0,12,660.0,7815.758923355807,9.600000000000025
1,297.0,308.3,1399,46.4,132,6124.8,6797.736295935547,11.300000000000011
1,301.7,309.8,1284,68.2,111,7570.200000000001,9170.183292122463,8.100000000000023
0,302.6,310.4,1365,66.8,80,5344.0,9548.556711320818,7.799999999999955
0,302.6,311.0,1284,68.0,114,7752.0,9143.291259007734,8.399999999999977
0,301.7,309.5,1298,65.5,229,14999.5,8903.168860518354,7.800000000000011
0,303.2,311.4,1324,54.2,228,12357.6,7514.773403190881,8.199999999999989
0,303.4,311.8,1306,61.0,215,13115.0,8342.604011362815,8.400000000000034
0,302.0,309.9,1308,57.6,197,11347.2,7889.670126519263,7.899999999999977
2,300.7,310.2,1364,65.3,208,13582.4,9327.304812704,9.5
0,301.7,310.9,1405,46.4,207,9604.8,6826.890275760859,9.199999999999989
